Negative Words,Positive words
abysmal,absolutely
adverse,adorable
alarming,accepted
angry,acclaimed
annoy,accomplish
anxious,accomplishment
apathy,achievement
appalling,action
atrocious,active
awful,admire
bad,adventure
banal,affirmative
barbed,affluent
belligerent,agree
bemoan,agreeable
beneath,amazing
boring,angelic
broken,appealing
callous,approve
can't,aptitude
clumsy,attractive
coarse,awesome
cold,beaming
cold-hearted,beautiful
collapse,believe
confused,beneficial
contradictory,bliss
contrary,bountiful
corrosive,bounty
corrupt,brave
crazy,bravo
creepy,brilliant
criminal,bubbly
cruel,calm
cry,celebrated
cutting,certain
dead,champ
decaying,champion
damage,charming
damaging,cheery
dastardly,choice
deplorable,classic
depressed,classical
deprived,clean
deformed,commend
deny,composed
despicable,congratulation
detrimental,constant
dirty,cool
disease,courageous
disgusting,creative
disheveled,cute
dishonest,dazzling
dishonorable,delight
dismal,delightful
distress,distinguished
don't,divine
dreadful,earnest
dreary,easy
enraged,ecstatic
eroding,effective
evil,effervescent
fail,efficient
faulty,effortless
fear,electrifying
feeble,elegant
fight,enchanting
filthy,encouraging
foul,endorsed
frighten,energetic
frightful,energized
gawky,engaging
ghastly,enthusiastic
grave,essential
greed,esteemed
grim,ethical
grimace,excellent
gross,exciting
grotesque,exquisite
gruesome,fabulous
guilty,fair
haggard,familiar
hard,famous
hard-hearted,fantastic
harmful,favorable
hate,fetching
hideous,fine
homely,fitting
horrendous,flourishing
horrible,fortunate
hostile,free
hurt,fresh
hurtful,friendly
icky,fun
ignore,funny
ignorant,generous
ill,genius
immature,genuine
imperfect,giving
impossible,glamorous
inane,glowing
inelegant,good
infernal,gorgeous
injure,graceful
injurious,great
insane,green
insidious,grin
insipid,growing
jealous,handsome
junky,happy
lose,harmonious
lousy,healing
lumpy,healthy
malicious,hearty
mean,heavenly
menacing,honest
messy,honorable
misshapen,honored
missing,hug
misunderstood,idea
moan,ideal
moldy,imaginative
monstrous,imagine
naive,impressive
nasty,independent
naughty,innovate
negate,innovative
negative,instant
never,instantaneous
no,instinctive
nobody,intuitive
nondescript,intellectual
nonsense,intelligent
not,inventive
noxious,jovial
objectionable,joy
odious,jubilant
offensive,keen
old,kind
oppressive,knowing
pain,knowledgeable
perturb,laugh
pessimistic,legendary
petty,light
plain,learned
poisonous,lively
poor,lovely
prejudice,lucid
questionable,lucky
quirky,luminous
quit,marvelous
reject,masterful
renege,meaningful
repellant,merit
reptilian,meritorious
repulsive,miraculous
repugnant,motivating
revenge,moving
revolting,natural
rotten,nice
rude,novel
ruthless,now
sad,nurturing
savage,nutritious
scare,okay
scary,one
scream,one-hundred percent
severe,open
shoddy,optimistic
shocking,paradise
sick,perfect
sickening,phenomenal
sinister,pleasurable
slimy,plentiful
smelly,pleasant
sobbing,poised
sorry,polished
spiteful,popular
sticky,positive
stinky,powerful
stormy,prepared
stressful,pretty
stuck,principled
stupid,productive
substandard,progress
suspect,prominent
suspicious,protected
tense,proud
terrible,quality
terrifying,quick
threatening,quiet
ugly,ready
undermine,reassuring
unfair,refined
unfavorable,refreshing
unhappy,rejoice
unhealthy,reliable
unjust,remarkable
unlucky,resounding
unpleasant,respected
upset,restored
unsatisfactory,reward
unsightly,rewarding
untoward,right
unwanted,robust
unwelcome,safe
unwholesome,satisfactory
unwieldy,secure
unwise,seemly
upset,simple
vice,skilled
vicious,skillful
vile,smile
villainous,soulful
vindictive,sparkling
wary,special
weary,spirited
wicked,spiritual
woeful,stirring
worthless,stupendous
wound,stunning
yell,success
yucky,successful
zero,sunny
,super
,superb
,supporting
,surprising
,terrific
,thorough
,thrilling
,thriving
,tops
,tranquil
,transforming
,transformative
,trusting
,truthful
,unreal
,unwavering
,up
,upbeat
,upright
,upstanding
,valued
,vibrant
,victorious
,victory
,vigorous
,virtuous
,vital
,vivacious
,wealthy
,welcome
,well
,whole
,wholesome
,willing
,wonderful
,wondrous
,worthy
,wow
,yes
,yummy
,zeal
,zealous
